old_url,new_url,title
https://www.citrix.com/blogs/?s=bmadden&type=author,https://www.citrix.com/blogs/authors/brian-madden,Author page (all posts)
https://www.citrix.com/blogs/2025/04/07/why-i-joined-citrix-and-what-im-excited-about,https://www.citrix.com/blogs/2025-04/why-i-joined-citrix-and-what-im-excited-about,Why I joined Citrix and what I'm excited about
https://www.citrix.com/blogs/2025/04/07/why-i-joined-citrix-and-what-im-excited-about/,https://www.citrix.com/blogs/2025-04/why-i-joined-citrix-and-what-im-excited-about,Why I joined Citrix and what I'm excited about
https://www.citrix.com/blogs/2025/04/14/making-sense-of-ai-in-the-workplace-a-starting-point-for-leaders,https://www.citrix.com/blogs/2025-04/making-sense-of-ai-in-the-workplace-a-starting-point-for-leaders,Making sense of AI in the workplace: A starting point for leaders
https://www.citrix.com/blogs/2025/04/14/making-sense-of-ai-in-the-workplace-a-starting-point-for-leaders/,https://www.citrix.com/blogs/2025-04/making-sense-of-ai-in-the-workplace-a-starting-point-for-leaders,Making sense of AI in the workplace: A starting point for leaders
https://www.citrix.com/blogs/2025/04/21/what-does-ai-mean-at-citrix,https://www.citrix.com/blogs/2025-04/what-does-ai-mean-at-citrix,"What does \""AI\"" mean at Citrix?"
https://www.citrix.com/blogs/2025/04/21/what-does-ai-mean-at-citrix/,https://www.citrix.com/blogs/2025-04/what-does-ai-mean-at-citrix,"What does \""AI\"" mean at Citrix?"
https://www.citrix.com/blogs/2025/05/01/the-desktop-has-dissolved-now-where-does-work-live-in-2025,https://www.citrix.com/blogs/2025-05/the-desktop-has-dissolved-now-where-does-work-live-in-2025,The desktop has dissolved. Now where does work live in 2025?
https://www.citrix.com/blogs/2025/05/01/the-desktop-has-dissolved-now-where-does-work-live-in-2025/,https://www.citrix.com/blogs/2025-05/the-desktop-has-dissolved-now-where-does-work-live-in-2025,The desktop has dissolved. Now where does work live in 2025?
https://www.citrix.com/blogs/2025/05/19/your-ceo-just-sent-a-company-wide-ai-first-memo-now-what,https://www.citrix.com/blogs/2025-05/your-ceo-just-sent-a-company-wide-ai-first-memo-now-what,"Your CEO just sent a company-wide \""AI-First\"" memo. Now what?"
https://www.citrix.com/blogs/2025/05/19/your-ceo-just-sent-a-company-wide-ai-first-memo-now-what/,https://www.citrix.com/blogs/2025-05/your-ceo-just-sent-a-company-wide-ai-first-memo-now-what,"Your CEO just sent a company-wide \""AI-First\"" memo. Now what?"
https://www.citrix.com/blogs/2025/05/28/what-if-your-ceo-never-sends-the-ai-first-memo,https://www.citrix.com/blogs/2025-05/what-if-your-ceo-never-sends-the-ai-first-memo,What if your CEO never sends the AI-first memo?
https://www.citrix.com/blogs/2025/05/28/what-if-your-ceo-never-sends-the-ai-first-memo/,https://www.citrix.com/blogs/2025-05/what-if-your-ceo-never-sends-the-ai-first-memo,What if your CEO never sends the AI-first memo?
https://www.citrix.com/blogs/2025/06/05/forget-the-model-wars-the-real-ai-race-is-in-the-workplace,https://www.citrix.com/blogs/2025-06/forget-the-model-wars-the-real-ai-race-is-in-the-workplace,AI agents need a secure place to work. The Citrix workspace is ready.
https://www.citrix.com/blogs/2025/06/05/forget-the-model-wars-the-real-ai-race-is-in-the-workplace/,https://www.citrix.com/blogs/2025-06/forget-the-model-wars-the-real-ai-race-is-in-the-workplace,AI agents need a secure place to work. The Citrix workspace is ready.
https://www.citrix.com/blogs/2025/06/24/the-7-stage-roadmap-for-human-ai-collaboration-in-the-workplace,https://www.citrix.com/blogs/2025-06/the-7-stage-roadmap-for-human-ai-collaboration-in-the-workplace,The 7-stage roadmap for human-AI collaboration in the workplace
https://www.citrix.com/blogs/2025/06/24/the-7-stage-roadmap-for-human-ai-collaboration-in-the-workplace/,https://www.citrix.com/blogs/2025-06/the-7-stage-roadmap-for-human-ai-collaboration-in-the-workplace,The 7-stage roadmap for human-AI collaboration in the workplace
https://www.citrix.com/blogs/2025/07/08/to-understand-ais-future-impact-check-out-this-playbook-from-150-years-ago,https://www.citrix.com/blogs/2025-07/to-understand-ais-future-impact-check-out-this-playbook-from-150-years-ago,"To understand AI's future impact, check out this playbook from 150 years ago"
https://www.citrix.com/blogs/2025/07/08/to-understand-ais-future-impact-check-out-this-playbook-from-150-years-ago/,https://www.citrix.com/blogs/2025-07/to-understand-ais-future-impact-check-out-this-playbook-from-150-years-ago,"To understand AI's future impact, check out this playbook from 150 years ago"
https://www.citrix.com/blogs/2025/07/16/why-ai-agents-will-use-the-same-desktops-and-apps-as-human-workers,https://www.citrix.com/blogs/2025-07/why-ai-agents-will-use-the-same-desktops-and-apps-as-human-workers,Why AI agents will use the same desktops and apps as human workers
https://www.citrix.com/blogs/2025/07/16/why-ai-agents-will-use-the-same-desktops-and-apps-as-human-workers/,https://www.citrix.com/blogs/2025-07/why-ai-agents-will-use-the-same-desktops-and-apps-as-human-workers,Why AI agents will use the same desktops and apps as human workers
https://www.citrix.com/blogs/2025/07/24/what-happens-when-ai-agents-score-100-in-computing-using-benchmarks,https://www.citrix.com/blogs/2025-07/what-happens-when-ai-agents-score-100-in-computing-using-benchmarks,What happens when AI agents score 100% in computing using benchmarks?
https://www.citrix.com/blogs/2025/07/24/what-happens-when-ai-agents-score-100-in-computing-using-benchmarks/,https://www.citrix.com/blogs/2025-07/what-happens-when-ai-agents-score-100-in-computing-using-benchmarks,What happens when AI agents score 100% in computing using benchmarks?
https://www.citrix.com/blogs/2025/08/04/ai-agents-are-the-new-insider-threat-secure-them-like-human-workers,https://www.citrix.com/blogs/2025-08/ai-agents-are-the-new-insider-threat-secure-them-like-human-workers,AI agents are the new insider threat. Secure them like human workers.
https://www.citrix.com/blogs/2025/08/04/ai-agents-are-the-new-insider-threat-secure-them-like-human-workers/,https://www.citrix.com/blogs/2025-08/ai-agents-are-the-new-insider-threat-secure-them-like-human-workers,AI agents are the new insider threat. Secure them like human workers.
https://www.citrix.com/blogs/2025/08/11/if-ai-progress-stopped-today-we-can-still-transform-the-enterprise-with-what-we-have,https://www.citrix.com/blogs/2025-08/if-ai-progress-stopped-today-we-can-still-transform-the-enterprise-with-what-we-have,"If AI progress stopped today, we can still transform the enterprise with what we have"
https://www.citrix.com/blogs/2025/08/11/if-ai-progress-stopped-today-we-can-still-transform-the-enterprise-with-what-we-have/,https://www.citrix.com/blogs/2025-08/if-ai-progress-stopped-today-we-can-still-transform-the-enterprise-with-what-we-have,"If AI progress stopped today, we can still transform the enterprise with what we have"
https://www.citrix.com/blogs/2025/08/27/everyones-wrong-about-why-enterprise-ai-is-failing,https://www.citrix.com/blogs/2025-08/everyones-wrong-about-why-enterprise-ai-is-failing,Everyone's wrong about why enterprise AI is failing
https://www.citrix.com/blogs/2025/08/27/everyones-wrong-about-why-enterprise-ai-is-failing/,https://www.citrix.com/blogs/2025-08/everyones-wrong-about-why-enterprise-ai-is-failing,Everyone's wrong about why enterprise AI is failing
https://www.citrix.com/blogs/2025/09/02/worker-led-ai-isnt-shadow-it-its-shadow-strategy,https://www.citrix.com/blogs/2025-09/worker-led-ai-isnt-shadow-it-its-shadow-strategy,Worker-led AI isn't shadow IT. It's shadow strategy.
https://www.citrix.com/blogs/2025/09/02/worker-led-ai-isnt-shadow-it-its-shadow-strategy/,https://www.citrix.com/blogs/2025-09/worker-led-ai-isnt-shadow-it-its-shadow-strategy,Worker-led AI isn't shadow IT. It's shadow strategy.
https://www.citrix.com/blogs/2025/09/10/if-ai-is-normal-technology-boring-infrastructure-is-your-best-strategy,https://www.citrix.com/blogs/2025-09/if-ai-is-normal-technology-boring-infrastructure-is-your-best-strategy,"If AI is normal technology, boring infrastructure is your best strategy"
https://www.citrix.com/blogs/2025/09/10/if-ai-is-normal-technology-boring-infrastructure-is-your-best-strategy/,https://www.citrix.com/blogs/2025-09/if-ai-is-normal-technology-boring-infrastructure-is-your-best-strategy,"If AI is normal technology, boring infrastructure is your best strategy"
https://www.citrix.com/blogs/2025/09/17/the-bitter-lesson-of-workplace-ai-stop-engineering-start-enabling,https://www.citrix.com/blogs/2025-09/the-bitter-lesson-of-workplace-ai-stop-engineering-start-enabling,"The bitter lesson of workplace AI: Stop engineering, start enabling"
https://www.citrix.com/blogs/2025/09/17/the-bitter-lesson-of-workplace-ai-stop-engineering-start-enabling/,https://www.citrix.com/blogs/2025-09/the-bitter-lesson-of-workplace-ai-stop-engineering-start-enabling,"The bitter lesson of workplace AI: Stop engineering, start enabling"
https://www.citrix.com/blogs/2025/10/01/welcome-to-the-post-application-era,https://www.citrix.com/blogs/2025-10/welcome-to-the-post-application-era,"AI just created 10,000 accidental citizen developers in your company. Welcome to the post-application era!"
https://www.citrix.com/blogs/2025/10/01/welcome-to-the-post-application-era/,https://www.citrix.com/blogs/2025-10/welcome-to-the-post-application-era,"AI just created 10,000 accidental citizen developers in your company. Welcome to the post-application era!"
https://www.citrix.com/blogs/2025/10/15/will-ai-need-to-operate-your-legacy-desktop-apps-or-is-direct-file-manipulation-enough,https://www.citrix.com/blogs/2025-10/will-ai-need-to-operate-your-legacy-desktop-apps-or-is-direct-file-manipulation-enough,"Will AI need to operate your legacy desktop apps, or is direct file manipulation enough?"
https://www.citrix.com/blogs/2025/10/15/will-ai-need-to-operate-your-legacy-desktop-apps-or-is-direct-file-manipulation-enough/,https://www.citrix.com/blogs/2025-10/will-ai-need-to-operate-your-legacy-desktop-apps-or-is-direct-file-manipulation-enough,"Will AI need to operate your legacy desktop apps, or is direct file manipulation enough?"
https://www.citrix.com/blogs/2025/11/13/everyone-wants-to-provide-your-ai-nobody-wants-to-help-you-manage-it,https://www.citrix.com/blogs/2025-11/everyone-wants-to-provide-your-ai-nobody-wants-to-help-you-manage-it,Everyone wants to provide your AI. Nobody wants to help you manage it.
https://www.citrix.com/blogs/2025/11/13/everyone-wants-to-provide-your-ai-nobody-wants-to-help-you-manage-it/,https://www.citrix.com/blogs/2025-11/everyone-wants-to-provide-your-ai-nobody-wants-to-help-you-manage-it,Everyone wants to provide your AI. Nobody wants to help you manage it.
https://www.citrix.com/blogs/2025/12/03/it-admits-workers-control-ai-workers-admit-they-use-it-to-leave-at-5,https://www.citrix.com/blogs/2025-12/it-admits-workers-control-ai-workers-admit-they-use-it-to-leave-at-5,IT admits workers control AI. Workers admit they use it to leave at 5.
https://www.citrix.com/blogs/2025/12/03/it-admits-workers-control-ai-workers-admit-they-use-it-to-leave-at-5/,https://www.citrix.com/blogs/2025-12/it-admits-workers-control-ai-workers-admit-they-use-it-to-leave-at-5,IT admits workers control AI. Workers admit they use it to leave at 5.
https://www.citrix.com/blogs/2025/12/10/ai-will-be-the-interface-to-knowledge-work-heres-how-well-get-there,https://www.citrix.com/blogs/2025-12/ai-will-be-the-interface-to-knowledge-work-heres-how-well-get-there,AI will be THE interface to knowledge work. Here's how we'll get there.
https://www.citrix.com/blogs/2025/12/10/ai-will-be-the-interface-to-knowledge-work-heres-how-well-get-there/,https://www.citrix.com/blogs/2025-12/ai-will-be-the-interface-to-knowledge-work-heres-how-well-get-there,AI will be THE interface to knowledge work. Here's how we'll get there.
https://www.citrix.com/blogs/2025/12/18/workers-dont-want-to-build-automations-they-want-to-delegate,https://www.citrix.com/blogs/2025-12/workers-dont-want-to-build-automations-they-want-to-delegate,Workers don't want to build automations. They want to delegate.
https://www.citrix.com/blogs/2025/12/18/workers-dont-want-to-build-automations-they-want-to-delegate/,https://www.citrix.com/blogs/2025-12/workers-dont-want-to-build-automations-they-want-to-delegate,Workers don't want to build automations. They want to delegate.
https://www.citrix.com/blogs/2026/01/13/the-invisible-80-what-corporate-led-ai-transformations-cant-see,https://www.citrix.com/blogs/2026-01/the-invisible-80-what-corporate-led-ai-transformations-cant-see,The invisible 80%—what corporate-led AI transformations can't see
https://www.citrix.com/blogs/2026/01/13/the-invisible-80-what-corporate-led-ai-transformations-cant-see/,https://www.citrix.com/blogs/2026-01/the-invisible-80-what-corporate-led-ai-transformations-cant-see,The invisible 80%—what corporate-led AI transformations can't see
https://www.citrix.com/blogs/2026/01/21/everyones-worried-about-the-wrong-ai-security-risk,https://www.citrix.com/blogs/2026-01/everyones-worried-about-the-wrong-ai-security-risk,Everyone's worried about the wrong AI security risk
https://www.citrix.com/blogs/2026/01/21/everyones-worried-about-the-wrong-ai-security-risk/,https://www.citrix.com/blogs/2026-01/everyones-worried-about-the-wrong-ai-security-risk,Everyone's worried about the wrong AI security risk
https://www.citrix.com/blogs/2026/02/04/openclaw-and-moltbook-preview-the-changes-needed-with-corporate-ai-governance,https://www.citrix.com/blogs/2026-02/openclaw-and-moltbook-preview-the-changes-needed-with-corporate-ai-governance,OpenClaw and Moltbook preview the changes needed with corporate AI governance
https://www.citrix.com/blogs/2026/02/04/openclaw-and-moltbook-preview-the-changes-needed-with-corporate-ai-governance/,https://www.citrix.com/blogs/2026-02/openclaw-and-moltbook-preview-the-changes-needed-with-corporate-ai-governance,OpenClaw and Moltbook preview the changes needed with corporate AI governance
https://www.citrix.com/blogs/2026/02/11/workers-second-brains-break-every-assumption-about-how-we-secure-knowledge-work,https://www.citrix.com/blogs/2026-02/workers-second-brains-break-every-assumption-about-how-we-secure-knowledge-work,"Workers' \""second brains\"" break every assumption about how we secure knowledge work"
https://www.citrix.com/blogs/2026/02/11/workers-second-brains-break-every-assumption-about-how-we-secure-knowledge-work/,https://www.citrix.com/blogs/2026-02/workers-second-brains-break-every-assumption-about-how-we-secure-knowledge-work,"Workers' \""second brains\"" break every assumption about how we secure knowledge work"
https://www.citrix.com/blogs/2026/02/19/what-will-knowledge-work-be-in-18-months-look-at-what-ai-is-doing-to-coding-right-now,https://www.citrix.com/blogs/2026-02/what-will-knowledge-work-be-in-18-months-look-at-what-ai-is-doing-to-coding-right-now,What will knowledge work be in 18 months? Look at what AI is doing to coding right now.
https://www.citrix.com/blogs/2026/02/19/what-will-knowledge-work-be-in-18-months-look-at-what-ai-is-doing-to-coding-right-now/,https://www.citrix.com/blogs/2026-02/what-will-knowledge-work-be-in-18-months-look-at-what-ai-is-doing-to-coding-right-now,What will knowledge work be in 18 months? Look at what AI is doing to coding right now.
https://www.citrix.com/blogs/2026/02/25/understanding-the-cognitive-stack-why-your-ai-strategy-is-focused-on-the-wrong-layer,https://www.citrix.com/blogs/2026-02/understanding-the-cognitive-stack-why-your-ai-strategy-is-focused-on-the-wrong-layer,Understanding the cognitive stack: why your AI strategy is focused on the wrong layer
https://www.citrix.com/blogs/2026/02/25/understanding-the-cognitive-stack-why-your-ai-strategy-is-focused-on-the-wrong-layer/,https://www.citrix.com/blogs/2026-02/understanding-the-cognitive-stack-why-your-ai-strategy-is-focused-on-the-wrong-layer,Understanding the cognitive stack: why your AI strategy is focused on the wrong layer
https://www.citrix.com/blogs/2026/03/12/skills-are-all-you-need,https://www.citrix.com/blogs/2026-03/skills-are-all-you-need,Skills are all you need
https://www.citrix.com/blogs/2026/03/12/skills-are-all-you-need/,https://www.citrix.com/blogs/2026-03/skills-are-all-you-need,Skills are all you need
https://www.citrix.com/blogs/2026/04/09/whats-left-for-humans,https://www.citrix.com/blogs/2026-04/whats-left-for-humans,What's left for humans?
https://www.citrix.com/blogs/2026/04/09/whats-left-for-humans/,https://www.citrix.com/blogs/2026-04/whats-left-for-humans,What's left for humans?
https://www.citrix.com/blogs/2026/04/22/the-saaspocalypse-wont-touch-the-enterprise-software-moat,https://www.citrix.com/blogs/2026-04/the-saaspocalypse-wont-touch-the-enterprise-software-moat,The SaaSpocalypse won't touch the enterprise software moat
https://www.citrix.com/blogs/2026/04/22/the-saaspocalypse-wont-touch-the-enterprise-software-moat/,https://www.citrix.com/blogs/2026-04/the-saaspocalypse-wont-touch-the-enterprise-software-moat,The SaaSpocalypse won't touch the enterprise software moat
https://www.citrix.com/blogs/2026/05/07/why-enterprise-ai-agents-disappoint-and-why-the-fix-is-not-better-agents,https://www.citrix.com/blogs/2026-05/why-enterprise-ai-agents-disappoint-and-why-the-fix-is-not-better-agents,Why enterprise AI agents disappoint (and why the fix is not 'better agents')
https://www.citrix.com/blogs/2026/05/07/why-enterprise-ai-agents-disappoint-and-why-the-fix-is-not-better-agents/,https://www.citrix.com/blogs/2026-05/why-enterprise-ai-agents-disappoint-and-why-the-fix-is-not-better-agents,Why enterprise AI agents disappoint (and why the fix is not 'better agents')
https://www.citrix.com/blogs/2026/05/21/aihotsheet,https://www.citrix.com/blogs/2026-05/aihotsheet,Announcing our new podcast: the Citrix AI Hotsheet
https://www.citrix.com/blogs/2026/05/21/aihotsheet/,https://www.citrix.com/blogs/2026-05/aihotsheet,Announcing our new podcast: the Citrix AI Hotsheet
https://www.citrix.com/blogs/2026/06/10/the-7-stage-roadmap-for-human-ai-collaboration-2026-edition,https://www.citrix.com/blogs/2026-06/the-7-stage-roadmap-for-human-ai-collaboration-2026-edition,The 7-stage roadmap for human-AI collaboration (2026 Edition)
https://www.citrix.com/blogs/2026/06/10/the-7-stage-roadmap-for-human-ai-collaboration-2026-edition/,https://www.citrix.com/blogs/2026-06/the-7-stage-roadmap-for-human-ai-collaboration-2026-edition,The 7-stage roadmap for human-AI collaboration (2026 Edition)
https://www.citrix.com/blogs/2026/06/30/how-a-futurist-reads-ai-news-hint-ignore-most-of-it,https://www.citrix.com/blogs/2026-06/how-a-futurist-reads-ai-news-hint-ignore-most-of-it,How a futurist reads AI news. (Hint: ignore most of it.)
https://www.citrix.com/blogs/2026/06/30/how-a-futurist-reads-ai-news-hint-ignore-most-of-it/,https://www.citrix.com/blogs/2026-06/how-a-futurist-reads-ai-news-hint-ignore-most-of-it,How a futurist reads AI news. (Hint: ignore most of it.)
https://www.citrix.com/blogs/2026/07/20/how-to-build-an-ai-strategy-that-survives-the-bubble-pop,https://www.citrix.com/blogs/2026-07/how-to-build-an-ai-strategy-that-survives-the-bubble-pop,How to build an AI strategy that survives the bubble pop
https://www.citrix.com/blogs/2026/07/20/how-to-build-an-ai-strategy-that-survives-the-bubble-pop/,https://www.citrix.com/blogs/2026-07/how-to-build-an-ai-strategy-that-survives-the-bubble-pop,How to build an AI strategy that survives the bubble pop
https://www.citrix.com/blogs/2026/09/14/you-cant-transform-the-ai-you-cant-see,https://www.citrix.com/blogs/2026-09/you-cant-transform-the-ai-you-cant-see,You can't transform the AI you can't see
https://www.citrix.com/blogs/2026/09/14/you-cant-transform-the-ai-you-cant-see/,https://www.citrix.com/blogs/2026-09/you-cant-transform-the-ai-you-cant-see,You can't transform the AI you can't see
